{"root_uri": ".", "rv_config": {}, "plugin_versions": {"rastervision.aws_batch": 0, "rastervision.aws_s3": 0, "rastervision.core": 7, "rastervision.pipeline_example_plugin1": 0, "rastervision.pipeline_example_plugin2": 0, "rastervision.pytorch_backend": 1, "rastervision.pytorch_learner": 4, "rastervision.pipeline": 0}, "type_hint": "object_detection", "dataset": {"class_config": {"names": ["ship"], "colors": ["red"], "null_class": null, "type_hint": "class_config"}, "train_scenes": [{"id": "od_test", "raster_source": {"channel_order": [0, 1, 2], "transformers": [], "extent": null, "type_hint": "rasterio_source", "uris": ["./dataset/anno2_sard.jp2"], "allow_streaming": false}, "label_source": {"type_hint": "object_detection_label_source", "vector_source": {"transformers": [{"type_hint": "class_inference_transformer", "default_class_id": 0, "class_id_to_filter": null}, {"type_hint": "buffer_transformer", "geom_type": "Point", "class_bufs": {}, "default_buf": 1.0}, {"type_hint": "buffer_transformer", "geom_type": "LineString", "class_bufs": {}, "default_buf": 1.0}], "type_hint": "geojson_vector_source", "uri": "./dataset/anno2.geojson", "ignore_crs_field": true}}, "label_store": {"type_hint": "object_detection_geojson_store", "uri": "./predict/od_test.json"}, "aoi_uris": null, "type_hint": "scene"}, {"id": "od_test-2", "raster_source": {"channel_order": [0, 1, 2], "transformers": [], "extent": null, "type_hint": "rasterio_source", "uris": ["./dataset/anno1_lampe.jp2"], "allow_streaming": false}, "label_source": {"type_hint": "object_detection_label_source", "vector_source": {"transformers": [{"type_hint": "class_inference_transformer", "default_class_id": 0, "class_id_to_filter": null}, {"type_hint": "buffer_transformer", "geom_type": "Point", "class_bufs": {}, "default_buf": 1.0}, {"type_hint": "buffer_transformer", "geom_type": "LineString", "class_bufs": {}, "default_buf": 1.0}], "type_hint": "geojson_vector_source", "uri": "./dataset/anno1.geojson", "ignore_crs_field": true}}, "label_store": {"type_hint": "object_detection_geojson_store", "uri": "./predict/od_test-2.json"}, "aoi_uris": null, "type_hint": "scene"}], "validation_scenes": [{"id": "od_test", "raster_source": {"channel_order": [0, 1, 2], "transformers": [], "extent": null, "type_hint": "rasterio_source", "uris": ["./dataset/anno2_sard.jp2"], "allow_streaming": false}, "label_source": {"type_hint": "object_detection_label_source", "vector_source": {"transformers": [{"type_hint": "class_inference_transformer", "default_class_id": 0, "class_id_to_filter": null}, {"type_hint": "buffer_transformer", "geom_type": "Point", "class_bufs": {}, "default_buf": 1.0}, {"type_hint": "buffer_transformer", "geom_type": "LineString", "class_bufs": {}, "default_buf": 1.0}], "type_hint": "geojson_vector_source", "uri": "./dataset/anno2.geojson", "ignore_crs_field": true}}, "label_store": {"type_hint": "object_detection_geojson_store", "uri": "./predict/od_test.json"}, "aoi_uris": null, "type_hint": "scene"}, {"id": "od_test-2", "raster_source": {"channel_order": [0, 1, 2], "transformers": [], "extent": null, "type_hint": "rasterio_source", "uris": ["./dataset/anno1_lampe.jp2"], "allow_streaming": false}, "label_source": {"type_hint": "object_detection_label_source", "vector_source": {"transformers": [{"type_hint": "class_inference_transformer", "default_class_id": 0, "class_id_to_filter": null}, {"type_hint": "buffer_transformer", "geom_type": "Point", "class_bufs": {}, "default_buf": 1.0}, {"type_hint": "buffer_transformer", "geom_type": "LineString", "class_bufs": {}, "default_buf": 1.0}], "type_hint": "geojson_vector_source", "uri": "./dataset/anno1.geojson", "ignore_crs_field": true}}, "label_store": {"type_hint": "object_detection_geojson_store", "uri": "./predict/od_test-2.json"}, "aoi_uris": null, "type_hint": "scene"}], "test_scenes": [], "scene_groups": {"train_scenes": ["od_test-2", "od_test"], "test_scenes": [], "validation_scenes": ["od_test-2", "od_test"]}, "type_hint": "dataset"}, "backend": {"type_hint": "pytorch_object_detection_backend", "model": {"backbone": "resnet18", "pretrained": true, "init_weights": null, "load_strict": true, "external_def": null, "type_hint": "object_detection_model"}, "solver": {"lr": 0.0001, "num_epochs": 12, "test_num_epochs": 2, "test_batch_sz": 4, "overfit_num_steps": 1, "sync_interval": 300, "batch_sz": 8, "one_cycle": true, "multi_stage": [], "class_loss_weights": null, "ignore_class_index": null, "external_loss_def": null, "type_hint": "solver"}, "data": {"class_names": ["ship"], "class_colors": ["red"], "img_channels": 3, "img_sz": 300, "train_sz": null, "train_sz_rel": null, "num_workers": 4, "augmentors": [], "base_transform": null, "aug_transform": null, "plot_options": {"transform": {"__version__": "1.3.0", "transform": {"__class_fullname__": "rastervision.pytorch_learner.utils.utils.MinMaxNormalize", "always_apply": false, "p": 1.0, "min_val": 0.0, "max_val": 1.0, "dtype": 5}}, "channel_display_groups": {"Input": [0, 1, 2]}, "type_hint": "plot_options"}, "preview_batch_limit": null, "type_hint": "object_detection_image_data", "data_format": "coco", "uri": "./chip", "group_uris": null, "group_train_sz": null, "group_train_sz_rel": null}, "log_tensorboard": true, "run_tensorboard": true, "test_mode": false}, "evaluators": [{"output_uri": "./eval", "type_hint": "object_detection_evaluator"}], "analyzers": [], "train_chip_sz": 300, "predict_chip_sz": 300, "predict_batch_sz": 8, "chip_nodata_threshold": 1, "analyze_uri": "./analyze", "chip_uri": "./chip", "train_uri": "./train", "predict_uri": "./predict", "eval_uri": "./eval", "bundle_uri": "./bundle", "source_bundle_uri": null, "chip_options": {"neg_ratio": 1.0, "ioa_thresh": 1.0, "window_method": "chip", "label_buffer": null, "type_hint": "object_detection_chip_options"}, "predict_options": {"type_hint": "object_detection_predict_options", "merge_thresh": 0.1, "score_thresh": 0.5}}